#2227	1.3870	2.5000	0.0005
1.3870	0.0002
1.3875	0.0002
1.3880	0.0003
1.3885	0.0003
1.3890	0.0003
1.3895	0.0003
1.3900	0.0004
1.3905	0.0003
1.3910	0.0003
1.3915	0.0004
1.3920	0.0004
1.3925	0.0004
1.3930	0.0004
1.3935	0.0005
1.3940	0.0006
1.3945	0.0007
1.3950	0.0007
1.3955	0.0008
1.3960	0.0008
1.3965	0.0008
1.3970	0.0008
1.3975	0.0008
1.3980	0.0008
1.3985	0.0008
1.3990	0.0007
1.3995	0.0007
1.4000	0.0007
1.4005	0.0007
1.4010	0.0007
1.4015	0.0007
1.4020	0.0007
1.4025	0.0006
1.4030	0.0005
1.4035	0.0005
1.4040	0.0005
1.4045	0.0005
1.4050	0.0006
1.4055	0.0006
1.4060	0.0006
1.4065	0.0005
1.4070	0.0005
1.4075	0.0005
1.4080	0.0006
1.4085	0.0006
1.4090	0.0006
1.4095	0.0006
1.4100	0.0007
1.4105	0.0008
1.4110	0.0008
1.4115	0.0008
1.4120	0.0008
1.4125	0.0009
1.4130	0.0010
1.4135	0.0011
1.4140	0.0012
1.4145	0.0013
1.4150	0.0014
1.4155	0.0016
1.4160	0.0018
1.4165	0.0020
1.4170	0.0023
1.4175	0.0026
1.4180	0.0030
1.4185	0.0037
1.4190	0.0044
1.4195	0.0053
1.4200	0.0062
1.4205	0.0076
1.4210	0.0090
1.4215	0.0108
1.4220	0.0126
1.4225	0.0146
1.4230	0.0166
1.4235	0.0180
1.4240	0.0194
1.4245	0.0197
1.4250	0.0200
1.4255	0.0193
1.4260	0.0187
1.4265	0.0176
1.4270	0.0166
1.4275	0.0157
1.4280	0.0149
1.4285	0.0142
1.4290	0.0135
1.4295	0.0131
1.4300	0.0127
1.4305	0.0124
1.4310	0.0122
1.4315	0.0122
1.4320	0.0122
1.4325	0.0125
1.4330	0.0127
1.4335	0.0131
1.4340	0.0135
1.4345	0.0142
1.4350	0.0148
1.4355	0.0159
1.4360	0.0169
1.4365	0.0183
1.4370	0.0196
1.4375	0.0215
1.4380	0.0234
1.4385	0.0262
1.4390	0.0289
1.4395	0.0328
1.4400	0.0367
1.4405	0.0422
1.4410	0.0477
1.4415	0.0560
1.4420	0.0644
1.4425	0.0772
1.4430	0.0901
1.4435	0.1080
1.4440	0.1259
1.4445	0.1527
1.4450	0.1795
1.4455	0.2150
1.4460	0.2505
1.4465	0.2936
1.4470	0.3368
1.4475	0.3748
1.4480	0.4129
1.4485	0.4372
1.4490	0.4614
1.4495	0.4664
1.4500	0.4713
1.4505	0.4633
1.4510	0.4552
1.4515	0.4421
1.4520	0.4291
1.4525	0.4179
1.4530	0.4066
1.4535	0.3994
1.4540	0.3922
1.4545	0.3899
1.4550	0.3876
1.4555	0.3901
1.4560	0.3926
1.4565	0.3995
1.4570	0.4064
1.4575	0.4174
1.4580	0.4284
1.4585	0.4440
1.4590	0.4597
1.4595	0.4781
1.4600	0.4966
1.4605	0.5181
1.4610	0.5397
1.4615	0.5645
1.4620	0.5892
1.4625	0.6121
1.4630	0.6350
1.4635	0.6579
1.4640	0.6809
1.4645	0.7019
1.4650	0.7230
1.4655	0.7396
1.4660	0.7562
1.4665	0.7692
1.4670	0.7822
1.4675	0.7919
1.4680	0.8016
1.4685	0.8079
1.4690	0.8143
1.4695	0.8185
1.4700	0.8226
1.4705	0.8253
1.4710	0.8281
1.4715	0.8303
1.4720	0.8325
1.4725	0.8343
1.4730	0.8361
1.4735	0.8378
1.4740	0.8395
1.4745	0.8407
1.4750	0.8420
1.4755	0.8429
1.4760	0.8438
1.4765	0.8438
1.4770	0.8439
1.4775	0.8432
1.4780	0.8425
1.4785	0.8407
1.4790	0.8388
1.4795	0.8360
1.4800	0.8331
1.4805	0.8292
1.4810	0.8252
1.4815	0.8205
1.4820	0.8158
1.4825	0.8109
1.4830	0.8059
1.4835	0.8004
1.4840	0.7949
1.4845	0.7897
1.4850	0.7844
1.4855	0.7795
1.4860	0.7746
1.4865	0.7700
1.4870	0.7654
1.4875	0.7615
1.4880	0.7576
1.4885	0.7543
1.4890	0.7510
1.4895	0.7482
1.4900	0.7455
1.4905	0.7435
1.4910	0.7414
1.4915	0.7398
1.4920	0.7382
1.4925	0.7370
1.4930	0.7357
1.4935	0.7349
1.4940	0.7342
1.4945	0.7337
1.4950	0.7331
1.4955	0.7328
1.4960	0.7325
1.4965	0.7326
1.4970	0.7327
1.4975	0.7328
1.4980	0.7328
1.4985	0.7332
1.4990	0.7337
1.4995	0.7345
1.5000	0.7353
1.5005	0.7364
1.5010	0.7375
1.5015	0.7389
1.5020	0.7404
1.5025	0.7425
1.5030	0.7447
1.5035	0.7470
1.5040	0.7493
1.5045	0.7523
1.5050	0.7553
1.5055	0.7589
1.5060	0.7624
1.5065	0.7661
1.5070	0.7699
1.5075	0.7741
1.5080	0.7783
1.5085	0.7830
1.5090	0.7877
1.5095	0.7925
1.5100	0.7972
1.5105	0.8022
1.5110	0.8072
1.5115	0.8122
1.5120	0.8173
1.5125	0.8219
1.5130	0.8265
1.5135	0.8310
1.5140	0.8355
1.5145	0.8398
1.5150	0.8441
1.5155	0.8479
1.5160	0.8517
1.5165	0.8549
1.5170	0.8581
1.5175	0.8610
1.5180	0.8638
1.5185	0.8660
1.5190	0.8682
1.5195	0.8698
1.5200	0.8715
1.5205	0.8727
1.5210	0.8739
1.5215	0.8747
1.5220	0.8755
1.5225	0.8757
1.5230	0.8758
1.5235	0.8757
1.5240	0.8756
1.5245	0.8750
1.5250	0.8745
1.5255	0.8735
1.5260	0.8726
1.5265	0.8715
1.5270	0.8704
1.5275	0.8689
1.5280	0.8673
1.5285	0.8656
1.5290	0.8639
1.5295	0.8620
1.5300	0.8601
1.5305	0.8581
1.5310	0.8561
1.5315	0.8540
1.5320	0.8518
1.5325	0.8497
1.5330	0.8477
1.5335	0.8457
1.5340	0.8438
1.5345	0.8420
1.5350	0.8402
1.5355	0.8386
1.5360	0.8371
1.5365	0.8359
1.5370	0.8347
1.5375	0.8339
1.5380	0.8331
1.5385	0.8328
1.5390	0.8325
1.5395	0.8330
1.5400	0.8335
1.5405	0.8344
1.5410	0.8352
1.5415	0.8368
1.5420	0.8383
1.5425	0.8403
1.5430	0.8423
1.5435	0.8448
1.5440	0.8473
1.5445	0.8504
1.5450	0.8535
1.5455	0.8569
1.5460	0.8603
1.5465	0.8639
1.5470	0.8676
1.5475	0.8713
1.5480	0.8750
1.5485	0.8785
1.5490	0.8820
1.5495	0.8854
1.5500	0.8889
1.5505	0.8918
1.5510	0.8947
1.5515	0.8972
1.5520	0.8997
1.5525	0.9015
1.5530	0.9034
1.5535	0.9044
1.5540	0.9054
1.5545	0.9056
1.5550	0.9059
1.5555	0.9056
1.5560	0.9053
1.5565	0.9042
1.5570	0.9030
1.5575	0.9013
1.5580	0.8997
1.5585	0.8978
1.5590	0.8958
1.5595	0.8935
1.5600	0.8912
1.5605	0.8887
1.5610	0.8863
1.5615	0.8838
1.5620	0.8813
1.5625	0.8792
1.5630	0.8770
1.5635	0.8751
1.5640	0.8732
1.5645	0.8719
1.5650	0.8706
1.5655	0.8695
1.5660	0.8684
1.5665	0.8680
1.5670	0.8677
1.5675	0.8678
1.5680	0.8679
1.5685	0.8685
1.5690	0.8691
1.5695	0.8702
1.5700	0.8713
1.5705	0.8728
1.5710	0.8743
1.5715	0.8759
1.5720	0.8775
1.5725	0.8795
1.5730	0.8815
1.5735	0.8837
1.5740	0.8858
1.5745	0.8880
1.5750	0.8903
1.5755	0.8921
1.5760	0.8940
1.5765	0.8959
1.5770	0.8977
1.5775	0.8993
1.5780	0.9008
1.5785	0.9022
1.5790	0.9036
1.5795	0.9044
1.5800	0.9052
1.5805	0.9059
1.5810	0.9066
1.5815	0.9069
1.5820	0.9073
1.5825	0.9073
1.5830	0.9072
1.5835	0.9071
1.5840	0.9070
1.5845	0.9066
1.5850	0.9062
1.5855	0.9059
1.5860	0.9055
1.5865	0.9051
1.5870	0.9047
1.5875	0.9045
1.5880	0.9043
1.5885	0.9041
1.5890	0.9039
1.5895	0.9038
1.5900	0.9038
1.5905	0.9041
1.5910	0.9043
1.5915	0.9047
1.5920	0.9052
1.5925	0.9058
1.5930	0.9064
1.5935	0.9072
1.5940	0.9079
1.5945	0.9088
1.5950	0.9097
1.5955	0.9108
1.5960	0.9119
1.5965	0.9127
1.5970	0.9136
1.5975	0.9146
1.5980	0.9157
1.5985	0.9164
1.5990	0.9171
1.5995	0.9180
1.6000	0.9189
1.6005	0.9192
1.6010	0.9194
1.6015	0.9194
1.6020	0.9195
1.6025	0.9194
1.6030	0.9194
1.6035	0.9188
1.6040	0.9182
1.6045	0.9174
1.6050	0.9166
1.6055	0.9156
1.6060	0.9145
1.6065	0.9131
1.6070	0.9118
1.6075	0.9103
1.6080	0.9088
1.6085	0.9071
1.6090	0.9054
1.6095	0.9038
1.6100	0.9021
1.6105	0.9005
1.6110	0.8989
1.6115	0.8974
1.6120	0.8958
1.6125	0.8944
1.6130	0.8930
1.6135	0.8920
1.6140	0.8910
1.6145	0.8900
1.6150	0.8889
1.6155	0.8885
1.6160	0.8880
1.6165	0.8879
1.6170	0.8878
1.6175	0.8879
1.6180	0.8880
1.6185	0.8886
1.6190	0.8891
1.6195	0.8901
1.6200	0.8910
1.6205	0.8919
1.6210	0.8928
1.6215	0.8943
1.6220	0.8958
1.6225	0.8976
1.6230	0.8994
1.6235	0.9011
1.6240	0.9029
1.6245	0.9048
1.6250	0.9066
1.6255	0.9086
1.6260	0.9106
1.6265	0.9126
1.6270	0.9147
1.6275	0.9164
1.6280	0.9182
1.6285	0.9199
1.6290	0.9217
1.6295	0.9233
1.6300	0.9249
1.6305	0.9261
1.6310	0.9272
1.6315	0.9282
1.6320	0.9292
1.6325	0.9299
1.6330	0.9307
1.6335	0.9309
1.6340	0.9312
1.6345	0.9312
1.6350	0.9312
1.6355	0.9308
1.6360	0.9304
1.6365	0.9298
1.6370	0.9293
1.6375	0.9284
1.6380	0.9274
1.6385	0.9262
1.6390	0.9250
1.6395	0.9237
1.6400	0.9223
1.6405	0.9209
1.6410	0.9194
1.6415	0.9181
1.6420	0.9167
1.6425	0.9151
1.6430	0.9135
1.6435	0.9119
1.6440	0.9103
1.6445	0.9090
1.6450	0.9077
1.6455	0.9063
1.6460	0.9050
1.6465	0.9038
1.6470	0.9026
1.6475	0.9015
1.6480	0.9003
1.6485	0.8996
1.6490	0.8988
1.6495	0.8981
1.6500	0.8973
1.6505	0.8969
1.6510	0.8966
1.6515	0.8964
1.6520	0.8961
1.6525	0.8961
1.6530	0.8960
1.6535	0.8961
1.6540	0.8962
1.6545	0.8966
1.6550	0.8970
1.6555	0.8974
1.6560	0.8979
1.6565	0.8986
1.6570	0.8994
1.6575	0.9002
1.6580	0.9010
1.6585	0.9019
1.6590	0.9027
1.6595	0.9035
1.6600	0.9043
1.6605	0.9053
1.6610	0.9063
1.6615	0.9073
1.6620	0.9084
1.6625	0.9093
1.6630	0.9102
1.6635	0.9112
1.6640	0.9122
1.6645	0.9132
1.6650	0.9142
1.6655	0.9149
1.6660	0.9157
1.6665	0.9166
1.6670	0.9174
1.6675	0.9179
1.6680	0.9185
1.6685	0.9189
1.6690	0.9194
1.6695	0.9197
1.6700	0.9200
1.6705	0.9205
1.6710	0.9209
1.6715	0.9209
1.6720	0.9210
1.6725	0.9211
1.6730	0.9211
1.6735	0.9212
1.6740	0.9212
1.6745	0.9209
1.6750	0.9207
1.6755	0.9204
1.6760	0.9201
1.6765	0.9200
1.6770	0.9198
1.6775	0.9194
1.6780	0.9189
1.6785	0.9184
1.6790	0.9180
1.6795	0.9175
1.6800	0.9170
1.6805	0.9167
1.6810	0.9164
1.6815	0.9159
1.6820	0.9154
1.6825	0.9149
1.6830	0.9145
1.6835	0.9141
1.6840	0.9137
1.6845	0.9133
1.6850	0.9129
1.6855	0.9124
1.6860	0.9120
1.6865	0.9117
1.6870	0.9115
1.6875	0.9110
1.6880	0.9106
1.6885	0.9103
1.6890	0.9100
1.6895	0.9096
1.6900	0.9093
1.6905	0.9091
1.6910	0.9089
1.6915	0.9086
1.6920	0.9084
1.6925	0.9083
1.6930	0.9082
1.6935	0.9081
1.6940	0.9080
1.6945	0.9077
1.6950	0.9075
1.6955	0.9074
1.6960	0.9074
1.6965	0.9073
1.6970	0.9073
1.6975	0.9073
1.6980	0.9073
1.6985	0.9073
1.6990	0.9073
1.6995	0.9073
1.7000	0.9074
1.7005	0.9077
1.7010	0.9081
1.7015	0.9082
1.7020	0.9082
1.7025	0.9085
1.7030	0.9088
1.7035	0.9091
1.7040	0.9094
1.7045	0.9098
1.7050	0.9103
1.7055	0.9106
1.7060	0.9109
1.7065	0.9116
1.7070	0.9122
1.7075	0.9127
1.7080	0.9132
1.7085	0.9138
1.7090	0.9144
1.7095	0.9150
1.7100	0.9155
1.7105	0.9162
1.7110	0.9168
1.7115	0.9176
1.7120	0.9184
1.7125	0.9190
1.7130	0.9196
1.7135	0.9202
1.7140	0.9209
1.7145	0.9217
1.7150	0.9224
1.7155	0.9229
1.7160	0.9235
1.7165	0.9243
1.7170	0.9252
1.7175	0.9259
1.7180	0.9265
1.7185	0.9270
1.7190	0.9276
1.7195	0.9279
1.7200	0.9283
1.7205	0.9289
1.7210	0.9295
1.7215	0.9298
1.7220	0.9301
1.7225	0.9305
1.7230	0.9309
1.7235	0.9311
1.7240	0.9313
1.7245	0.9314
1.7250	0.9315
1.7255	0.9317
1.7260	0.9320
1.7265	0.9319
1.7270	0.9319
1.7275	0.9321
1.7280	0.9322
1.7285	0.9320
1.7290	0.9317
1.7295	0.9316
1.7300	0.9315
1.7305	0.9313
1.7310	0.9311
1.7315	0.9308
1.7320	0.9306
1.7325	0.9303
1.7330	0.9300
1.7335	0.9297
1.7340	0.9294
1.7345	0.9291
1.7350	0.9288
1.7355	0.9284
1.7360	0.9279
1.7365	0.9277
1.7370	0.9275
1.7375	0.9271
1.7380	0.9267
1.7385	0.9264
1.7390	0.9261
1.7395	0.9256
1.7400	0.9251
1.7405	0.9249
1.7410	0.9246
1.7415	0.9244
1.7420	0.9242
1.7425	0.9237
1.7430	0.9232
1.7435	0.9231
1.7440	0.9231
1.7445	0.9228
1.7450	0.9224
1.7455	0.9223
1.7460	0.9222
1.7465	0.9220
1.7470	0.9217
1.7475	0.9216
1.7480	0.9216
1.7485	0.9215
1.7490	0.9214
1.7495	0.9214
1.7500	0.9213
1.7505	0.9213
1.7510	0.9213
1.7515	0.9213
1.7520	0.9214
1.7525	0.9215
1.7530	0.9217
1.7535	0.9219
1.7540	0.9222
1.7545	0.9224
1.7550	0.9225
1.7555	0.9227
1.7560	0.9229
1.7565	0.9232
1.7570	0.9234
1.7575	0.9236
1.7580	0.9239
1.7585	0.9243
1.7590	0.9246
1.7595	0.9249
1.7600	0.9253
1.7605	0.9257
1.7610	0.9261
1.7615	0.9265
1.7620	0.9269
1.7625	0.9274
1.7630	0.9278
1.7635	0.9282
1.7640	0.9285
1.7645	0.9288
1.7650	0.9291
1.7655	0.9293
1.7660	0.9295
1.7665	0.9298
1.7670	0.9301
1.7675	0.9304
1.7680	0.9307
1.7685	0.9307
1.7690	0.9307
1.7695	0.9308
1.7700	0.9309
1.7705	0.9309
1.7710	0.9309
1.7715	0.9307
1.7720	0.9305
1.7725	0.9302
1.7730	0.9299
1.7735	0.9295
1.7740	0.9291
1.7745	0.9287
1.7750	0.9284
1.7755	0.9279
1.7760	0.9274
1.7765	0.9268
1.7770	0.9262
1.7775	0.9255
1.7780	0.9248
1.7785	0.9241
1.7790	0.9234
1.7795	0.9225
1.7800	0.9217
1.7805	0.9209
1.7810	0.9200
1.7815	0.9191
1.7820	0.9183
1.7825	0.9175
1.7830	0.9168
1.7835	0.9159
1.7840	0.9150
1.7845	0.9143
1.7850	0.9135
1.7855	0.9128
1.7860	0.9121
1.7865	0.9114
1.7870	0.9107
1.7875	0.9101
1.7880	0.9095
1.7885	0.9091
1.7890	0.9087
1.7895	0.9083
1.7900	0.9078
1.7905	0.9075
1.7910	0.9072
1.7915	0.9070
1.7920	0.9068
1.7925	0.9067
1.7930	0.9066
1.7935	0.9066
1.7940	0.9065
1.7945	0.9068
1.7950	0.9072
1.7955	0.9074
1.7960	0.9076
1.7965	0.9078
1.7970	0.9080
1.7975	0.9085
1.7980	0.9090
1.7985	0.9095
1.7990	0.9100
1.7995	0.9105
1.8000	0.9110
1.8005	0.9116
1.8010	0.9122
1.8015	0.9126
1.8020	0.9131
1.8025	0.9137
1.8030	0.9143
1.8035	0.9149
1.8040	0.9155
1.8045	0.9161
1.8050	0.9168
1.8055	0.9171
1.8060	0.9174
1.8065	0.9178
1.8070	0.9183
1.8075	0.9188
1.8080	0.9194
1.8085	0.9196
1.8090	0.9198
1.8095	0.9200
1.8100	0.9203
1.8105	0.9204
1.8110	0.9205
1.8115	0.9208
1.8120	0.9210
1.8125	0.9210
1.8130	0.9210
1.8135	0.9208
1.8140	0.9207
1.8145	0.9206
1.8150	0.9205
1.8155	0.9204
1.8160	0.9203
1.8165	0.9201
1.8170	0.9198
1.8175	0.9196
1.8180	0.9195
1.8185	0.9193
1.8190	0.9191
1.8195	0.9189
1.8200	0.9188
1.8205	0.9186
1.8210	0.9184
1.8215	0.9180
1.8220	0.9176
1.8225	0.9173
1.8230	0.9170
1.8235	0.9170
1.8240	0.9170
1.8245	0.9168
1.8250	0.9165
1.8255	0.9163
1.8260	0.9161
1.8265	0.9162
1.8270	0.9163
1.8275	0.9161
1.8280	0.9160
1.8285	0.9160
1.8290	0.9160
1.8295	0.9159
1.8300	0.9158
1.8305	0.9156
1.8310	0.9155
1.8315	0.9153
1.8320	0.9152
1.8325	0.9150
1.8330	0.9149
1.8335	0.9148
1.8340	0.9147
1.8345	0.9145
1.8350	0.9142
1.8355	0.9140
1.8360	0.9138
1.8365	0.9134
1.8370	0.9129
1.8375	0.9124
1.8380	0.9120
1.8385	0.9114
1.8390	0.9108
1.8395	0.9103
1.8400	0.9098
1.8405	0.9091
1.8410	0.9084
1.8415	0.9077
1.8420	0.9071
1.8425	0.9059
1.8430	0.9048
1.8435	0.9040
1.8440	0.9032
1.8445	0.9025
1.8450	0.9018
1.8455	0.9011
1.8460	0.9003
1.8465	0.8993
1.8470	0.8984
1.8475	0.8979
1.8480	0.8974
1.8485	0.8960
1.8490	0.8947
1.8495	0.8937
1.8500	0.8927
1.8505	0.8923
1.8510	0.8918
1.8515	0.8910
1.8520	0.8903
1.8525	0.8900
1.8530	0.8897
1.8535	0.8892
1.8540	0.8886
1.8545	0.8883
1.8550	0.8880
1.8555	0.8879
1.8560	0.8877
1.8565	0.8878
1.8570	0.8878
1.8575	0.8880
1.8580	0.8881
1.8585	0.8884
1.8590	0.8888
1.8595	0.8892
1.8600	0.8895
1.8605	0.8902
1.8610	0.8909
1.8615	0.8917
1.8620	0.8925
1.8625	0.8933
1.8630	0.8940
1.8635	0.8950
1.8640	0.8959
1.8645	0.8970
1.8650	0.8981
1.8655	0.8992
1.8660	0.9003
1.8665	0.9013
1.8670	0.9023
1.8675	0.9033
1.8680	0.9044
1.8685	0.9057
1.8690	0.9070
1.8695	0.9080
1.8700	0.9090
1.8705	0.9101
1.8710	0.9111
1.8715	0.9118
1.8720	0.9125
1.8725	0.9133
1.8730	0.9141
1.8735	0.9145
1.8740	0.9150
1.8745	0.9154
1.8750	0.9159
1.8755	0.9160
1.8760	0.9161
1.8765	0.9159
1.8770	0.9157
1.8775	0.9154
1.8780	0.9151
1.8785	0.9146
1.8790	0.9140
1.8795	0.9131
1.8800	0.9123
1.8805	0.9114
1.8810	0.9105
1.8815	0.9093
1.8820	0.9081
1.8825	0.9067
1.8830	0.9053
1.8835	0.9038
1.8840	0.9024
1.8845	0.9006
1.8850	0.8988
1.8855	0.8970
1.8860	0.8952
1.8865	0.8932
1.8870	0.8912
1.8875	0.8893
1.8880	0.8874
1.8885	0.8855
1.8890	0.8836
1.8895	0.8819
1.8900	0.8802
1.8905	0.8780
1.8910	0.8759
1.8915	0.8740
1.8920	0.8722
1.8925	0.8704
1.8930	0.8687
1.8935	0.8673
1.8940	0.8658
1.8945	0.8641
1.8950	0.8624
1.8955	0.8612
1.8960	0.8600
1.8965	0.8590
1.8970	0.8581
1.8975	0.8572
1.8980	0.8563
1.8985	0.8551
1.8990	0.8539
1.8995	0.8542
1.9000	0.8545
1.9005	0.8550
1.9010	0.8554
1.9015	0.8561
1.9020	0.8568
1.9025	0.8577
1.9030	0.8586
1.9035	0.8599
1.9040	0.8613
1.9045	0.8626
1.9050	0.8640
1.9055	0.8655
1.9060	0.8669
1.9065	0.8684
1.9070	0.8699
1.9075	0.8716
1.9080	0.8733
1.9085	0.8751
1.9090	0.8769
1.9095	0.8789
1.9100	0.8810
1.9105	0.8829
1.9110	0.8849
1.9115	0.8869
1.9120	0.8889
1.9125	0.8911
1.9130	0.8932
1.9135	0.8950
1.9140	0.8968
1.9145	0.8984
1.9150	0.9001
1.9155	0.9018
1.9160	0.9034
1.9165	0.9047
1.9170	0.9059
1.9175	0.9076
1.9180	0.9093
1.9185	0.9106
1.9190	0.9120
1.9195	0.9130
1.9200	0.9140
1.9205	0.9147
1.9210	0.9153
1.9215	0.9158
1.9220	0.9163
1.9225	0.9166
1.9230	0.9170
1.9235	0.9170
1.9240	0.9169
1.9245	0.9167
1.9250	0.9166
1.9255	0.9160
1.9260	0.9154
1.9265	0.9148
1.9270	0.9142
1.9275	0.9133
1.9280	0.9125
1.9285	0.9114
1.9290	0.9103
1.9295	0.9091
1.9300	0.9078
1.9305	0.9063
1.9310	0.9049
1.9315	0.9033
1.9320	0.9018
1.9325	0.9001
1.9330	0.8984
1.9335	0.8969
1.9340	0.8954
1.9345	0.8935
1.9350	0.8916
1.9355	0.8898
1.9360	0.8880
1.9365	0.8863
1.9370	0.8846
1.9375	0.8829
1.9380	0.8812
1.9385	0.8796
1.9390	0.8779
1.9395	0.8765
1.9400	0.8751
1.9405	0.8735
1.9410	0.8720
1.9415	0.8708
1.9420	0.8697
1.9425	0.8686
1.9430	0.8675
1.9435	0.8665
1.9440	0.8654
1.9445	0.8645
1.9450	0.8637
1.9455	0.8632
1.9460	0.8628
1.9465	0.8624
1.9470	0.8619
1.9475	0.8616
1.9480	0.8614
1.9485	0.8614
1.9490	0.8614
1.9495	0.8616
1.9500	0.8619
1.9505	0.8623
1.9510	0.8627
1.9515	0.8632
1.9520	0.8636
1.9525	0.8644
1.9530	0.8652
1.9535	0.8660
1.9540	0.8668
1.9545	0.8678
1.9550	0.8689
1.9555	0.8701
1.9560	0.8713
1.9565	0.8725
1.9570	0.8736
1.9575	0.8749
1.9580	0.8763
1.9585	0.8778
1.9590	0.8793
1.9595	0.8806
1.9600	0.8818
1.9605	0.8834
1.9610	0.8849
1.9615	0.8863
1.9620	0.8876
1.9625	0.8889
1.9630	0.8902
1.9635	0.8916
1.9640	0.8930
1.9645	0.8941
1.9650	0.8952
1.9655	0.8963
1.9660	0.8974
1.9665	0.8984
1.9670	0.8994
1.9675	0.9002
1.9680	0.9010
1.9685	0.9017
1.9690	0.9024
1.9695	0.9027
1.9700	0.9031
1.9705	0.9033
1.9710	0.9036
1.9715	0.9038
1.9720	0.9041
1.9725	0.9040
1.9730	0.9038
1.9735	0.9035
1.9740	0.9032
1.9745	0.9026
1.9750	0.9019
1.9755	0.9013
1.9760	0.9007
1.9765	0.9000
1.9770	0.8994
1.9775	0.8983
1.9780	0.8972
1.9785	0.8962
1.9790	0.8951
1.9795	0.8940
1.9800	0.8928
1.9805	0.8917
1.9810	0.8906
1.9815	0.8891
1.9820	0.8877
1.9825	0.8865
1.9830	0.8852
1.9835	0.8839
1.9840	0.8827
1.9845	0.8814
1.9850	0.8801
1.9855	0.8788
1.9860	0.8775
1.9865	0.8763
1.9870	0.8752
1.9875	0.8741
1.9880	0.8729
1.9885	0.8720
1.9890	0.8711
1.9895	0.8702
1.9900	0.8693
1.9905	0.8685
1.9910	0.8676
1.9915	0.8671
1.9920	0.8665
1.9925	0.8660
1.9930	0.8655
1.9935	0.8651
1.9940	0.8647
1.9945	0.8646
1.9950	0.8644
1.9955	0.8643
1.9960	0.8643
1.9965	0.8643
1.9970	0.8643
1.9975	0.8644
1.9980	0.8646
1.9985	0.8651
1.9990	0.8657
1.9995	0.8661
2.0000	0.8665
2.0005	0.8670
2.0010	0.8676
2.0015	0.8683
2.0020	0.8690
2.0025	0.8696
2.0030	0.8703
2.0035	0.8711
2.0040	0.8719
2.0045	0.8728
2.0050	0.8737
2.0055	0.8746
2.0060	0.8755
2.0065	0.8764
2.0070	0.8773
2.0075	0.8783
2.0080	0.8793
2.0085	0.8802
2.0090	0.8810
2.0095	0.8819
2.0100	0.8828
2.0105	0.8836
2.0110	0.8844
2.0115	0.8851
2.0120	0.8859
2.0125	0.8866
2.0130	0.8872
2.0135	0.8878
2.0140	0.8885
2.0145	0.8889
2.0150	0.8894
2.0155	0.8898
2.0160	0.8901
2.0165	0.8904
2.0170	0.8907
2.0175	0.8910
2.0180	0.8912
2.0185	0.8911
2.0190	0.8911
2.0195	0.8911
2.0200	0.8911
2.0205	0.8910
2.0210	0.8910
2.0215	0.8908
2.0220	0.8905
2.0225	0.8903
2.0230	0.8901
2.0235	0.8896
2.0240	0.8891
2.0245	0.8887
2.0250	0.8883
2.0255	0.8879
2.0260	0.8875
2.0265	0.8868
2.0270	0.8862
2.0275	0.8858
2.0280	0.8854
2.0285	0.8848
2.0290	0.8843
2.0295	0.8836
2.0300	0.8830
2.0305	0.8824
2.0310	0.8819
2.0315	0.8814
2.0320	0.8809
2.0325	0.8805
2.0330	0.8800
2.0335	0.8796
2.0340	0.8792
2.0345	0.8789
2.0350	0.8786
2.0355	0.8782
2.0360	0.8777
2.0365	0.8775
2.0370	0.8773
2.0375	0.8771
2.0380	0.8769
2.0385	0.8768
2.0390	0.8766
2.0395	0.8766
2.0400	0.8766
2.0405	0.8764
2.0410	0.8762
2.0415	0.8764
2.0420	0.8765
2.0425	0.8767
2.0430	0.8769
2.0435	0.8770
2.0440	0.8770
2.0445	0.8773
2.0450	0.8776
2.0455	0.8778
2.0460	0.8779
2.0465	0.8782
2.0470	0.8786
2.0475	0.8789
2.0480	0.8792
2.0485	0.8795
2.0490	0.8798
2.0495	0.8802
2.0500	0.8806
2.0505	0.8808
2.0510	0.8811
2.0515	0.8815
2.0520	0.8819
2.0525	0.8823
2.0530	0.8827
2.0535	0.8829
2.0540	0.8831
2.0545	0.8834
2.0550	0.8837
2.0555	0.8838
2.0560	0.8840
2.0565	0.8843
2.0570	0.8846
2.0575	0.8848
2.0580	0.8849
2.0585	0.8849
2.0590	0.8849
2.0595	0.8849
2.0600	0.8849
2.0605	0.8847
2.0610	0.8846
2.0615	0.8846
2.0620	0.8846
2.0625	0.8845
2.0630	0.8845
2.0635	0.8842
2.0640	0.8839
2.0645	0.8835
2.0650	0.8831
2.0655	0.8829
2.0660	0.8827
2.0665	0.8823
2.0670	0.8819
2.0675	0.8815
2.0680	0.8811
2.0685	0.8806
2.0690	0.8802
2.0695	0.8797
2.0700	0.8793
2.0705	0.8788
2.0710	0.8783
2.0715	0.8777
2.0720	0.8770
2.0725	0.8766
2.0730	0.8762
2.0735	0.8756
2.0740	0.8751
2.0745	0.8745
2.0750	0.8739
2.0755	0.8734
2.0760	0.8728
2.0765	0.8723
2.0770	0.8717
2.0775	0.8714
2.0780	0.8710
2.0785	0.8704
2.0790	0.8698
2.0795	0.8694
2.0800	0.8690
2.0805	0.8686
2.0810	0.8682
2.0815	0.8678
2.0820	0.8673
2.0825	0.8671
2.0830	0.8668
2.0835	0.8665
2.0840	0.8662
2.0845	0.8659
2.0850	0.8656
2.0855	0.8656
2.0860	0.8655
2.0865	0.8653
2.0870	0.8651
2.0875	0.8650
2.0880	0.8648
2.0885	0.8647
2.0890	0.8646
2.0895	0.8647
2.0900	0.8648
2.0905	0.8648
2.0910	0.8647
2.0915	0.8648
2.0920	0.8650
2.0925	0.8651
2.0930	0.8653
2.0935	0.8654
2.0940	0.8655
2.0945	0.8658
2.0950	0.8660
2.0955	0.8663
2.0960	0.8666
2.0965	0.8669
2.0970	0.8672
2.0975	0.8674
2.0980	0.8675
2.0985	0.8679
2.0990	0.8683
2.0995	0.8686
2.1000	0.8690
2.1005	0.8693
2.1010	0.8695
2.1015	0.8700
2.1020	0.8704
2.1025	0.8708
2.1030	0.8711
2.1035	0.8714
2.1040	0.8718
2.1045	0.8722
2.1050	0.8726
2.1055	0.8730
2.1060	0.8734
2.1065	0.8738
2.1070	0.8742
2.1075	0.8745
2.1080	0.8748
2.1085	0.8752
2.1090	0.8756
2.1095	0.8759
2.1100	0.8762
2.1105	0.8764
2.1110	0.8767
2.1115	0.8770
2.1120	0.8773
2.1125	0.8775
2.1130	0.8778
2.1135	0.8780
2.1140	0.8782
2.1145	0.8783
2.1150	0.8785
2.1155	0.8786
2.1160	0.8788
2.1165	0.8789
2.1170	0.8790
2.1175	0.8790
2.1180	0.8791
2.1185	0.8790
2.1190	0.8790
2.1195	0.8790
2.1200	0.8790
2.1205	0.8788
2.1210	0.8786
2.1215	0.8785
2.1220	0.8784
2.1225	0.8782
2.1230	0.8780
2.1235	0.8777
2.1240	0.8774
2.1245	0.8771
2.1250	0.8769
2.1255	0.8766
2.1260	0.8764
2.1265	0.8758
2.1270	0.8753
2.1275	0.8750
2.1280	0.8747
2.1285	0.8742
2.1290	0.8736
2.1295	0.8732
2.1300	0.8728
2.1305	0.8722
2.1310	0.8716
2.1315	0.8711
2.1320	0.8705
2.1325	0.8699
2.1330	0.8694
2.1335	0.8688
2.1340	0.8682
2.1345	0.8677
2.1350	0.8671
2.1355	0.8666
2.1360	0.8660
2.1365	0.8654
2.1370	0.8648
2.1375	0.8642
2.1380	0.8637
2.1385	0.8632
2.1390	0.8626
2.1395	0.8620
2.1400	0.8613
2.1405	0.8608
2.1410	0.8603
2.1415	0.8598
2.1420	0.8594
2.1425	0.8589
2.1430	0.8584
2.1435	0.8581
2.1440	0.8578
2.1445	0.8574
2.1450	0.8570
2.1455	0.8566
2.1460	0.8563
2.1465	0.8561
2.1470	0.8559
2.1475	0.8557
2.1480	0.8554
2.1485	0.8552
2.1490	0.8551
2.1495	0.8551
2.1500	0.8551
2.1505	0.8551
2.1510	0.8550
2.1515	0.8551
2.1520	0.8553
2.1525	0.8554
2.1530	0.8556
2.1535	0.8558
2.1540	0.8559
2.1545	0.8560
2.1550	0.8561
2.1555	0.8565
2.1560	0.8570
2.1565	0.8574
2.1570	0.8578
2.1575	0.8580
2.1580	0.8583
2.1585	0.8588
2.1590	0.8593
2.1595	0.8598
2.1600	0.8602
2.1605	0.8607
2.1610	0.8613
2.1615	0.8617
2.1620	0.8621
2.1625	0.8627
2.1630	0.8634
2.1635	0.8639
2.1640	0.8645
2.1645	0.8648
2.1650	0.8652
2.1655	0.8657
2.1660	0.8663
2.1665	0.8669
2.1670	0.8674
2.1675	0.8679
2.1680	0.8683
2.1685	0.8686
2.1690	0.8689
2.1695	0.8693
2.1700	0.8696
2.1705	0.8698
2.1710	0.8701
2.1715	0.8702
2.1720	0.8704
2.1725	0.8706
2.1730	0.8708
2.1735	0.8707
2.1740	0.8705
2.1745	0.8704
2.1750	0.8704
2.1755	0.8702
2.1760	0.8700
2.1765	0.8697
2.1770	0.8694
2.1775	0.8689
2.1780	0.8685
2.1785	0.8680
2.1790	0.8676
2.1795	0.8669
2.1800	0.8662
2.1805	0.8656
2.1810	0.8649
2.1815	0.8640
2.1820	0.8631
2.1825	0.8621
2.1830	0.8611
2.1835	0.8600
2.1840	0.8589
2.1845	0.8580
2.1850	0.8572
2.1855	0.8559
2.1860	0.8547
2.1865	0.8535
2.1870	0.8523
2.1875	0.8510
2.1880	0.8497
2.1885	0.8485
2.1890	0.8472
2.1895	0.8458
2.1900	0.8443
2.1905	0.8430
2.1910	0.8417
2.1915	0.8403
2.1920	0.8389
2.1925	0.8376
2.1930	0.8362
2.1935	0.8348
2.1940	0.8335
2.1945	0.8322
2.1950	0.8309
2.1955	0.8296
2.1960	0.8282
2.1965	0.8271
2.1970	0.8259
2.1975	0.8247
2.1980	0.8236
2.1985	0.8224
2.1990	0.8213
2.1995	0.8203
2.2000	0.8192
2.2005	0.8182
2.2010	0.8172
2.2015	0.8164
2.2020	0.8156
2.2025	0.8148
2.2030	0.8140
2.2035	0.8133
2.2040	0.8125
2.2045	0.8119
2.2050	0.8112
2.2055	0.8108
2.2060	0.8103
2.2065	0.8099
2.2070	0.8096
2.2075	0.8093
2.2080	0.8089
2.2085	0.8089
2.2090	0.8088
2.2095	0.8085
2.2100	0.8082
2.2105	0.8082
2.2110	0.8082
2.2115	0.8082
2.2120	0.8082
2.2125	0.8084
2.2130	0.8086
2.2135	0.8087
2.2140	0.8089
2.2145	0.8093
2.2150	0.8096
2.2155	0.8099
2.2160	0.8102
2.2165	0.8107
2.2170	0.8112
2.2175	0.8116
2.2180	0.8120
2.2185	0.8126
2.2190	0.8132
2.2195	0.8137
2.2200	0.8142
2.2205	0.8148
2.2210	0.8154
2.2215	0.8160
2.2220	0.8166
2.2225	0.8171
2.2230	0.8177
2.2235	0.8184
2.2240	0.8191
2.2245	0.8196
2.2250	0.8201
2.2255	0.8207
2.2260	0.8213
2.2265	0.8218
2.2270	0.8223
2.2275	0.8229
2.2280	0.8235
2.2285	0.8237
2.2290	0.8240
2.2295	0.8246
2.2300	0.8252
2.2305	0.8257
2.2310	0.8261
2.2315	0.8262
2.2320	0.8263
2.2325	0.8266
2.2330	0.8269
2.2335	0.8272
2.2340	0.8275
2.2345	0.8274
2.2350	0.8274
2.2355	0.8275
2.2360	0.8276
2.2365	0.8276
2.2370	0.8276
2.2375	0.8275
2.2380	0.8274
2.2385	0.8272
2.2390	0.8270
2.2395	0.8268
2.2400	0.8266
2.2405	0.8263
2.2410	0.8259
2.2415	0.8256
2.2420	0.8254
2.2425	0.8250
2.2430	0.8246
2.2435	0.8240
2.2440	0.8235
2.2445	0.8231
2.2450	0.8226
2.2455	0.8221
2.2460	0.8215
2.2465	0.8211
2.2470	0.8206
2.2475	0.8200
2.2480	0.8195
2.2485	0.8189
2.2490	0.8183
2.2495	0.8178
2.2500	0.8173
2.2505	0.8168
2.2510	0.8162
2.2515	0.8156
2.2520	0.8151
2.2525	0.8145
2.2530	0.8139
2.2535	0.8135
2.2540	0.8130
2.2545	0.8125
2.2550	0.8119
2.2555	0.8115
2.2560	0.8110
2.2565	0.8108
2.2570	0.8105
2.2575	0.8100
2.2580	0.8095
2.2585	0.8092
2.2590	0.8090
2.2595	0.8087
2.2600	0.8084
2.2605	0.8080
2.2610	0.8076
2.2615	0.8075
2.2620	0.8073
2.2625	0.8072
2.2630	0.8071
2.2635	0.8071
2.2640	0.8070
2.2645	0.8071
2.2650	0.8072
2.2655	0.8070
2.2660	0.8069
2.2665	0.8072
2.2670	0.8074
2.2675	0.8074
2.2680	0.8074
2.2685	0.8075
2.2690	0.8076
2.2695	0.8079
2.2700	0.8082
2.2705	0.8086
2.2710	0.8090
2.2715	0.8092
2.2720	0.8094
2.2725	0.8098
2.2730	0.8102
2.2735	0.8105
2.2740	0.8107
2.2745	0.8113
2.2750	0.8118
2.2755	0.8122
2.2760	0.8125
2.2765	0.8130
2.2770	0.8134
2.2775	0.8138
2.2780	0.8142
2.2785	0.8146
2.2790	0.8149
2.2795	0.8154
2.2800	0.8160
2.2805	0.8165
2.2810	0.8170
2.2815	0.8173
2.2820	0.8176
2.2825	0.8182
2.2830	0.8187
2.2835	0.8191
2.2840	0.8195
2.2845	0.8200
2.2850	0.8205
2.2855	0.8209
2.2860	0.8213
2.2865	0.8216
2.2870	0.8218
2.2875	0.8223
2.2880	0.8227
2.2885	0.8231
2.2890	0.8235
2.2895	0.8237
2.2900	0.8239
2.2905	0.8242
2.2910	0.8246
2.2915	0.8249
2.2920	0.8252
2.2925	0.8255
2.2930	0.8259
2.2935	0.8260
2.2940	0.8262
2.2945	0.8262
2.2950	0.8262
2.2955	0.8265
2.2960	0.8268
2.2965	0.8269
2.2970	0.8270
2.2975	0.8271
2.2980	0.8273
2.2985	0.8275
2.2990	0.8278
2.2995	0.8278
2.3000	0.8279
2.3005	0.8280
2.3010	0.8281
2.3015	0.8281
2.3020	0.8281
2.3025	0.8281
2.3030	0.8281
2.3035	0.8281
2.3040	0.8281
2.3045	0.8280
2.3050	0.8280
2.3055	0.8280
2.3060	0.8280
2.3065	0.8280
2.3070	0.8280
2.3075	0.8279
2.3080	0.8278
2.3085	0.8277
2.3090	0.8276
2.3095	0.8276
2.3100	0.8276
2.3105	0.8274
2.3110	0.8272
2.3115	0.8270
2.3120	0.8269
2.3125	0.8268
2.3130	0.8267
2.3135	0.8265
2.3140	0.8262
2.3145	0.8259
2.3150	0.8256
2.3155	0.8255
2.3160	0.8253
2.3165	0.8250
2.3170	0.8247
2.3175	0.8244
2.3180	0.8241
2.3185	0.8237
2.3190	0.8234
2.3195	0.8230
2.3200	0.8226
2.3205	0.8222
2.3210	0.8218
2.3215	0.8214
2.3220	0.8210
2.3225	0.8203
2.3230	0.8196
2.3235	0.8193
2.3240	0.8190
2.3245	0.8185
2.3250	0.8180
2.3255	0.8174
2.3260	0.8168
2.3265	0.8163
2.3270	0.8158
2.3275	0.8152
2.3280	0.8145
2.3285	0.8140
2.3290	0.8134
2.3295	0.8128
2.3300	0.8122
2.3305	0.8116
2.3310	0.8109
2.3315	0.8103
2.3320	0.8097
2.3325	0.8091
2.3330	0.8084
2.3335	0.8078
2.3340	0.8072
2.3345	0.8064
2.3350	0.8057
2.3355	0.8053
2.3360	0.8048
2.3365	0.8043
2.3370	0.8037
2.3375	0.8031
2.3380	0.8025
2.3385	0.8020
2.3390	0.8015
2.3395	0.8009
2.3400	0.8004
2.3405	0.8000
2.3410	0.7996
2.3415	0.7991
2.3420	0.7986
2.3425	0.7982
2.3430	0.7978
2.3435	0.7975
2.3440	0.7971
2.3445	0.7969
2.3450	0.7966
2.3455	0.7964
2.3460	0.7962
2.3465	0.7960
2.3470	0.7957
2.3475	0.7956
2.3480	0.7955
2.3485	0.7954
2.3490	0.7953
2.3495	0.7953
2.3500	0.7952
2.3505	0.7952
2.3510	0.7951
2.3515	0.7951
2.3520	0.7951
2.3525	0.7952
2.3530	0.7953
2.3535	0.7954
2.3540	0.7956
2.3545	0.7956
2.3550	0.7956
2.3555	0.7958
2.3560	0.7960
2.3565	0.7960
2.3570	0.7960
2.3575	0.7961
2.3580	0.7963
2.3585	0.7964
2.3590	0.7964
2.3595	0.7965
2.3600	0.7966
2.3605	0.7965
2.3610	0.7965
2.3615	0.7964
2.3620	0.7963
2.3625	0.7964
2.3630	0.7966
2.3635	0.7963
2.3640	0.7960
2.3645	0.7958
2.3650	0.7957
2.3655	0.7955
2.3660	0.7952
2.3665	0.7947
2.3670	0.7942
2.3675	0.7938
2.3680	0.7934
2.3685	0.7929
2.3690	0.7924
2.3695	0.7917
2.3700	0.7911
2.3705	0.7904
2.3710	0.7896
2.3715	0.7889
2.3720	0.7882
2.3725	0.7874
2.3730	0.7866
2.3735	0.7857
2.3740	0.7848
2.3745	0.7839
2.3750	0.7830
2.3755	0.7818
2.3760	0.7806
2.3765	0.7796
2.3770	0.7786
2.3775	0.7774
2.3780	0.7763
2.3785	0.7751
2.3790	0.7739
2.3795	0.7729
2.3800	0.7720
2.3805	0.7709
2.3810	0.7697
2.3815	0.7685
2.3820	0.7673
2.3825	0.7661
2.3830	0.7650
2.3835	0.7641
2.3840	0.7632
2.3845	0.7620
2.3850	0.7609
2.3855	0.7600
2.3860	0.7591
2.3865	0.7582
2.3870	0.7573
2.3875	0.7567
2.3880	0.7561
2.3885	0.7552
2.3890	0.7543
2.3895	0.7537
2.3900	0.7531
2.3905	0.7523
2.3910	0.7516
2.3915	0.7512
2.3920	0.7508
2.3925	0.7505
2.3930	0.7502
2.3935	0.7499
2.3940	0.7497
2.3945	0.7495
2.3950	0.7492
2.3955	0.7489
2.3960	0.7487
2.3965	0.7485
2.3970	0.7484
2.3975	0.7483
2.3980	0.7481
2.3985	0.7481
2.3990	0.7482
2.3995	0.7481
2.4000	0.7479
2.4005	0.7478
2.4010	0.7477
2.4015	0.7475
2.4020	0.7473
2.4025	0.7472
2.4030	0.7471
2.4035	0.7469
2.4040	0.7467
2.4045	0.7463
2.4050	0.7459
2.4055	0.7456
2.4060	0.7453
2.4065	0.7447
2.4070	0.7441
2.4075	0.7435
2.4080	0.7429
2.4085	0.7423
2.4090	0.7416
2.4095	0.7408
2.4100	0.7400
2.4105	0.7391
2.4110	0.7382
2.4115	0.7372
2.4120	0.7362
2.4125	0.7352
2.4130	0.7342
2.4135	0.7332
2.4140	0.7321
2.4145	0.7309
2.4150	0.7297
2.4155	0.7288
2.4160	0.7278
2.4165	0.7268
2.4170	0.7259
2.4175	0.7250
2.4180	0.7240
2.4185	0.7233
2.4190	0.7226
2.4195	0.7220
2.4200	0.7214
2.4205	0.7210
2.4210	0.7205
2.4215	0.7205
2.4220	0.7204
2.4225	0.7204
2.4230	0.7204
2.4235	0.7208
2.4240	0.7212
2.4245	0.7218
2.4250	0.7223
2.4255	0.7229
2.4260	0.7235
2.4265	0.7242
2.4270	0.7249
2.4275	0.7255
2.4280	0.7261
2.4285	0.7263
2.4290	0.7266
2.4295	0.7262
2.4300	0.7258
2.4305	0.7247
2.4310	0.7236
2.4315	0.7212
2.4320	0.7187
2.4325	0.7142
2.4330	0.7098
2.4335	0.7034
2.4340	0.6970
2.4345	0.6879
2.4350	0.6788
2.4355	0.6667
2.4360	0.6546
2.4365	0.6403
2.4370	0.6259
2.4375	0.6084
2.4380	0.5908
2.4385	0.5697
2.4390	0.5486
2.4395	0.5266
2.4400	0.5046
2.4405	0.4812
2.4410	0.4578
2.4415	0.4331
2.4420	0.4085
2.4425	0.3854
2.4430	0.3622
2.4435	0.3396
2.4440	0.3171
2.4445	0.2959
2.4450	0.2746
2.4455	0.2557
2.4460	0.2369
2.4465	0.2202
2.4470	0.2036
2.4475	0.1885
2.4480	0.1733
2.4485	0.1602
2.4490	0.1472
2.4495	0.1360
2.4500	0.1249
2.4505	0.1156
2.4510	0.1062
2.4515	0.0982
2.4520	0.0903
2.4525	0.0834
2.4530	0.0765
2.4535	0.0709
2.4540	0.0652
2.4545	0.0603
2.4550	0.0554
2.4555	0.0515
2.4560	0.0476
2.4565	0.0442
2.4570	0.0409
2.4575	0.0380
2.4580	0.0351
2.4585	0.0327
2.4590	0.0302
2.4595	0.0281
2.4600	0.0261
2.4605	0.0243
2.4610	0.0225
2.4615	0.0210
2.4620	0.0195
2.4625	0.0183
2.4630	0.0171
2.4635	0.0160
2.4640	0.0149
2.4645	0.0139
2.4650	0.0130
2.4655	0.0122
2.4660	0.0114
2.4665	0.0107
2.4670	0.0100
2.4675	0.0094
2.4680	0.0089
2.4685	0.0083
2.4690	0.0078
2.4695	0.0073
2.4700	0.0069
2.4705	0.0065
2.4710	0.0061
2.4715	0.0058
2.4720	0.0054
2.4725	0.0051
2.4730	0.0049
2.4735	0.0045
2.4740	0.0042
2.4745	0.0041
2.4750	0.0039
2.4755	0.0037
2.4760	0.0035
2.4765	0.0033
2.4770	0.0031
2.4775	0.0030
2.4780	0.0029
2.4785	0.0027
2.4790	0.0025
2.4795	0.0024
2.4800	0.0023
2.4805	0.0022
2.4810	0.0021
2.4815	0.0020
2.4820	0.0018
2.4825	0.0018
2.4830	0.0017
2.4835	0.0016
2.4840	0.0016
2.4845	0.0015
2.4850	0.0014
2.4855	0.0013
2.4860	0.0013
2.4865	0.0012
2.4870	0.0011
2.4875	0.0011
2.4880	0.0011
2.4885	0.0010
2.4890	0.0010
2.4895	0.0010
2.4900	0.0009
2.4905	0.0009
2.4910	0.0009
2.4915	0.0008
2.4920	0.0008
2.4925	0.0008
2.4930	0.0007
2.4935	0.0006
2.4940	0.0006
2.4945	0.0006
2.4950	0.0006
2.4955	0.0006
2.4960	0.0006
2.4965	0.0006
2.4970	0.0006
2.4975	0.0005
2.4980	0.0005
2.4985	0.0005
2.4990	0.0005
2.4995	0.0005
2.5000	0.0004
